S,S,S,S,S
W,W,W,W,W
L5,L5,L5,L5,L5
L4,L4,L4,L4,L4
L3,L3,L3,L3,L3
L2,L2,L2,L2,L2
L1,L1,L1,L1,L1
W,W,W,W,W
H4,H4,H4,H4,H4
H3,H3,H3,H3,H3
H2,H2,H2,H2,H2
H1,H1,H1,H1,H1
W,W,W,W,W
L5,L5,L5,L5,L5
L4,L4,L4,L4,L4
L3,L3,L3,L3,L3
L2,L2,L2,L2,L2
W,W,W,W,W
L1,L1,L1,L1,L1
L5,L5,L5,L5,L5
W,W,W,W,W
H4,H4,H4,H4,H4
L4,L4,L4,L4,L4
L3,L3,L3,L3,L3
H3,H3,H3,H3,H3
W,W,W,W,W
L2,L2,L2,L2,L2
L1,L1,L1,L1,L1
H2,H2,H2,H2,H2
L5,L5,L5,L5,L5
W,W,W,W,W
L4,L4,L4,L4,L4
L3,H1,H1,L3,H1
H1,L3,L3,H1,L3
W,W,W,W,W
L2,L2,L2,L2,L2
H4,H4,H4,H4,H4
L5,L5,L5,L5,L5
W,W,L1,L1,W
L1,L1,W,W,L1
L4,L4,L4,L4,L4
H3,H3,H3,H3,H3
L3,L3,L3,L3,L3
W,W,W,W,W
L2,L2,L5,L5,L5
L5,L5,L2,L2,L2
H2,H2,H2,H2,H2
W,W,W,W,W
L4,L4,L4,L4,L4
L1,L1,L1,L1,L1
H4,H4,H4,H4,H4
L3,L3,L3,L3,L3
W,W,W,W,W
L5,L5,L5,L5,L5
H1,H1,H1,H1,H1
L2,L2,L2,L2,L2
W,S,W,W,W
L4,W,L4,L4,L4
H3,L4,H3,H3,H3
L1,H3,L1,L1,L1
L3,L1,L3,L3,L3
W,L3,W,W,W
L5,W,L5,L5,L5
H2,L5,H2,H2,H2
L2,H2,S,L4,H4
W,H4,H4,W,W
L4,W,W,L2,L4
H4,L4,L4,H4,L2
L3,L2,L2,L5,L5
L5,L3,L5,L3,W
W,W,W,W,L3
L1,L5,L3,L1,L1
H3,L1,L1,H3,H3
L4,H3,H3,L4,L4
W,L4,L4,W,W
L2,W,W,L2,L2
H1,L2,L2,H1,H1
L5,H1,H1,L5,L5
W,L5,L5,W,W
L3,W,W,L3,H4
H4,L3,L3,H4,L3
S,H4,H4,L1,L1
L1,L1,L1,L4,L4
L4,L4,L4,W,W
W,W,W,H2,H2
H2,H2,H2,L5,L2
L2,L2,L5,L2,L5
L5,L5,L2,W,W
W,W,W,L3,L3
L3,L3,L3,H3,H3
H3,H3,H3,L4,L4
L4,L4,L4,L1,L1
L1,W,L1,W,W
W,L1,W,L5,H4
L5,H4,L5,H4,L5
H4,L5,H4,L2,L2
L2,L2,L2,W,W
W,W,W,L3,H1
L3,L3,L3,H1,L3
H1,H1,H1,L4,L4
L4,L4,L4,S,H2
W,W,W,L5,W
L5,H2,L5,W,L5
L1,L5,L1,L1,L1
H2,L1,H2,H2,H3
L2,H3,H3,L2,W
W,W,W,W,L2
L3,L2,L2,H3,L3
H3,L3,L3,L3,H4
H4,L4,H4,L4,L4
L4,H4,L4,H4,W
W,W,W,L5,L5
L5,S,L5,W,L1
L1,L5,L1,L1,L2
L2,L1,W,L2,W
W,W,L2,W,L3
L3,L2,L3,L3,L4
L4,L3,L4,L4,L5
L5,L4,L5,L5,H1
W,L5,W,W,W
H1,W,H1,H1,H2
H2,H1,H2,H2,H3
H3,H2,H3,H3,H4
H4,H3,H4,H4,W
W,H4,W,W,L1
L1,W,L1,L1,L2
L2,L1,L2,L2,L3
L3,L2,L3,L3,L4
L4,L3,S,L4,L5
L5,L4,L5,L5,W
W,W,L4,W,W
W,L5,W,L5,L5
L3,W,W,W,L4
L2,L4,L1,L4,L3
L5,L3,L5,L3,L2
L4,L5,L4,L2,L1
L1,L2,L3,L1,H4
W,L1,L2,W,W
H4,W,W,H4,H3
H3,H4,H4,H3,H2
H2,H3,H3,H2,H1
W,H2,H2,H1,W
H1,W,H1,W,L5
L5,H1,W,L5,L4
L3,L4,L5,L4,L3
L4,L5,L4,L3,L2
L2,L3,L3,L2,W
W,W,L1,W,L1
L1,L2,W,L1,H4
H4,L1,L2,L5,L5
W,H4,L5,W,W
L5,W,W,L4,L4
L4,L5,H4,H4,H3
L3,L4,L4,L3,L3
L2,L3,L3,L2,W
W,H3,H3,W,L2
H3,W,W,H3,H2
L1,L2,L2,L1,L1
H2,H2,L1,L5,L5
L5,L1,H2,H2,W
W,W,L5,W,L4
L4,L5,W,L4,H1
L3,L4,L4,L3,L3
S,L3,H1,H1,W
H1,H1,L3,W,H4
W,W,W,L2,L2
L2,L2,H4,L5,L5
H4,H4,L2,H4,L1
L5,S,L5,L1,W
L1,L5,L1,W,L4
W,W,W,L4,H3
L4,L1,L4,L3,L3
L3,L4,H3,H3,W
H3,H3,L3,W,H2
W,L3,W,L5,L5
L2,W,L5,L2,L2
L5,L2,L2,H2,W
H2,L5,H2,L4,L4
W,H2,W,W,H4
L1,W,L1,L1,L1
L4,L4,L4,L3,L3
L3,L1,H4,H4,W
H4,H4,L3,W,L5
W,L3,W,L5,H1
L5,W,L5,L2,H3
L2,H1,H1,L4,L2
H1,L5,L2,W,W
W,L2,W,H1,L4
L4,W,L4,H3,L1
H3,L4,H3,L1,L3
L1,H3,L1,L3,W
L3,L1,L3,L5,L5
W,W,S,W,H2
L5,L3,W,L4,H4
L2,L5,L5,L2,W
H4,H4,H4,W,L4
W,L4,H2,H4,L2
L4,W,W,H2,L5
H2,L2,L4,L5,L3
L3,H2,L2,L3,W
W,L3,L5,S,L1
L5,W,L1,W,H3
L1,L5,W,L1,H1
H3,L1,L3,L4,L4
L2,H3,H3,H3,W
W,L4,L4,W,L2
L4,W,W,L2,L5
H1,L2,L2,L5,H4
L5,H1,H1,H1,W
L3,H4,L5,L3,L3
W,W,W,W,H2
H4,L5,H4,H4,L1
L1,L3,L3,L1,L4
W,L1,L1,L4,W
L4,L4,L4,W,L5
L2,W,W,L5,L2
H2,H2,H2,L2,H3
L5,L2,L5,H2,W
W,L5,L2,L3,L3
L3,W,W,W,L4
H3,L3,L3,H3,H4
L1,H3,H3,L4,W
W,L4,L1,L1,L1
L4,W,L4,W,L5
H4,H4,W,L5,H1
L5,S,L5,L2,S
L2,L1,H4,H4,L2
W,L5,L2,W,W
L3,L2,W,L3,L3
H1,W,L3,L4,H2
L4,L3,H1,H1,L4
W,H1,L4,L5,W
L1,L4,L1,W,L5
L5,W,W,L1,H3
H2,H2,L5,H2,L1
L2,L5,H2,L2,L2
W,L1,H3,W,W
L3,H3,W,L3,H4
H3,W,L2,H3,L3
H4,L2,L3,L4,L4
L4,L3,H4,L5,W
W,H4,L4,W,L5
L5,L4,W,H4,L1
L1,W,L5,L1,H1
L2,L5,L1,L2,W
S,L1,W,W,L2
W,W,L2,L3,L3
L3,L2,L3,L4,L4
L4,L3,L4,L5,L5
L5,L4,L5,W,W
W,H1,W,H1,H2
H1,W,H1,H2,H3
H2,L5,H2,H3,H4
H3,H2,H3,H4,W
H4,H3,H4,W,L1
W,H4,L1,L1,L2
L1,W,W,L2,L3
L2,L4,S,L5,L4
L3,L3,L5,L4,L5
L5,L2,L4,L3,W
W,L1,L3,W,H4
L4,W,L2,L5,W
W,L5,W,W,L5
L3,W,L1,L4,L4
L2,L4,W,L3,L3
L1,L3,L5,L2,L2
L5,L2,L4,L1,H3
L4,H4,L3,W,W
W,L5,L2,H4,L1
H4,W,H4,H3,H2
H3,L1,W,H2,H1
H2,H3,H3,L5,W
W,H2,H2,W,L5
L3,W,H1,L4,L4
L5,H1,W,L3,L3
H1,L4,L5,L2,L2
L2,L3,L4,H1,W
L4,L5,L3,W,L1
W,W,L1,L1,H4
L1,L2,W,L5,L5
H4,L1,L2,L4,W
W,S,L5,W,H3
L5,H4,H4,H4,L4
L3,W,W,L3,L3
L4,L4,L4,L2,W
L2,L5,L3,W,H2
W,L3,H3,H3,L2
H3,H3,W,L1,L1
L1,W,L1,L5,L5
H2,L2,L2,L4,W
W,H2,L5,W,H1
L5,L1,H2,H2,L4
L3,W,W,L3,L3
L4,L4,L4,L2,H4
W,L5,L3,W,W
L2,L3,H1,L5,L2
H1,W,W,H1,L5
H4,H1,H4,H4,H3
L1,H4,L1,L1,W
L5,L2,L2,W,L1
W,W,L5,S,L4
L4,L5,W,L4,L3
L3,L4,L4,L3,W
H3,L1,H3,H3,H2
W,H3,L3,W,L5
L2,L3,W,L5,L2
L5,W,L5,L2,H4
H2,L2,L2,L4,W
W,H2,L1,W,L4
L1,L5,H2,L1,L1
L4,W,W,H2,H1
L3,L4,L4,L3,L3
H4,H4,H4,H4,W
W,L1,L3,L5,L5
L2,W,W,W,H3
L5,L3,L5,L2,L2
H1,H1,H1,L4,W
W,L5,L2,W,L4
L4,L2,W,H1,L1
H3,W,L4,H3,L3
L1,L4,H3,L1,W
L3,H3,S,L3,L5
W,L3,L1,L5,H4
L5,W,L5,W,H2
L2,L1,W,L4,L4
H4,L5,L3,L2,W
W,H4,H4,W,L2
S,L4,H2,H4,L5
L4,W,L4,H2,H3
H2,L2,W,L5,W
L3,H2,L2,L3,L3
W,L3,L1,W,L1
L1,W,L5,L1,H1
L5,L5,W,L4,L4
H3,L1,L3,L2,W
L2,H3,H3,W,L2
W,L4,L4,H3,H4
L4,S,W,L5,L5
L3,W,L2,L3,W
L5,L2,L5,H1,L3
W,H1,H1,W,H2
H1,H4,H4,H4,L1
H4,W,W,L1,L4
L1,L3,L1,L4,W
W,L5,L3,W,L5
L2,L4,L4,L5,L2
L4,W,W,L2,H3
H2,L1,H2,H2,W
L5,H2,L5,L3,L3
L3,L2,L2,W,H4
W,W,W,L4,L4
H3,L5,L3,H3,W
L1,L3,H3,L1,L1
W,H3,L1,L5,L5
L4,L4,L4,W,H1
L2,W,W,L2,L2
L5,H4,L5,H4,W
H4,L1,H4,L3,L3
W,L2,L2,W,H2
L3,L5,W,L4,L4
H1,W,L3,L5,W
L4,L3,H1,H1,L5
W,H1,L4,W,H3
L1,L4,L1,L1,L1
L5,W,W,L2,H4
L2,H2,L5,H2,W
H2,H3,H2,L3,L2
W,L5,H3,W,L3
L3,L1,W,L4,L4
H3,W,L2,L5,L5
H4,L2,L3,H3,W
W,L3,H4,H4,H1
L4,H4,L4,W,L1
L5,L4,L5,L1,W
L1,W,W,L2,L2
L2,L5,L1,W,L3
W,L1,W,L3,L4
L3,W,L2,L4,L5
L4,L2,L3,L5,H2
L5,L3,L4,W,W
W,L4,L5,H1,H3
H1,W,W,H2,H4
H2,H1,H1,H3,W
H3,L5,H2,H4,L1
H4,H2,H3,W,L2
W,H4,S,L5,L3
L3,H3,L1,L4,L5
L2,W,H4,L3,L4
L1,L4,W,L2,W
L5,L3,L5,L1,H4
W,L2,L4,W,H3
L4,L1,L3,L5,W
L3,W,L2,L4,L5
W,S,W,W,L4
L2,L5,L1,L3,L3
L1,W,W,L2,L2
L5,L4,L5,L1,W
L4,H4,L4,W,L1
W,L3,L3,H4,H2
H4,L2,H4,H3,H1
H3,W,L2,S,W
H2,L5,W,L5,L5
W,L1,H3,L4,L4
L3,H3,H2,W,L3
L2,H2,H1,H2,L2
L5,W,W,L3,W
L4,H1,L5,L2,L1
W,L4,L4,H1,H4
L1,L3,L1,W,H3
S,L5,L3,L1,L5
H1,W,W,L5,W
W,L2,L2,L4,L4
L3,L1,H4,W,L3
L5,H4,L5,L3,H2
H4,W,W,H4,W
L2,L4,L4,L2,L2
L4,H3,H3,W,H1
W,L5,L3,H3,L1
L1,L3,L1,L5,L5
H3,W,W,L1,W
H2,L2,L2,L4,L4
W,H2,L5,W,H4
L5,L1,H2,H2,L3
L3,W,W,L3,W
L4,L4,L4,L2,L2
L2,L5,L3,W,L5
W,L3,H1,L5,H3
H1,W,W,H1,W
H4,H4,L1,H4,L4
L1,H1,H4,L4,L1
W,L2,L5,L1,H2
L5,W,L2,W,L3
L3,L4,W,L3,W
L4,L5,L4,H3,L5
H3,L1,H3,L5,L2
W,H3,L3,W,H4
L2,L3,W,L2,W
L5,W,L5,L4,L4
L1,H2,L1,L1,H1
W,L2,L2,W,L1
H2,W,H2,H2,L3
L3,L4,W,L3,W
L4,L5,L4,L5,L5
H4,H4,H4,H4,H3
W,L1,L3,W,L2
L2,W,W,L2,W
L5,L3,L5,L4,L4
W,H1,H1,W,H2
H1,H3,H3,H1,H4
H3,W,W,H3,W
L4,S,S,L5,S
L3,L5,L4,L3,L5
L1,L4,L2,L1,L3
W,L2,L1,W,L1
L5,L3,L5,L4,L4
L2,W,W,L2,W
W,L1,L3,W,L2
H4,H4,H4,H4,H3
L4,L5,H2,L5,L5
L3,L4,L4,L3,W
H2,W,W,H2,L3
W,L2,L2,W,L1
L1,H2,L1,L1,H1
L5,W,L5,L4,L4
L2,L3,W,L2,W
W,H3,L3,W,H4
H3,L1,H3,L5,L2
L4,L5,L4,H3,L5
L3,L4,W,L3,W
L5,W,L2,H1,L3
W,L2,L5,W,H2
L1,H1,H1,L4,L1
H4,H4,L1,L1,L4
H1,W,W,H4,W
W,L3,H4,L5,H3
L2,L5,L3,W,L5
L4,L4,L4,L2,L2
L3,W,W,L3,W
H2,L1,H2,H2,L3
L5,H2,L5,W,H4
W,L2,L2,L4,L4
H3,W,W,H3,W
L1,H3,L1,L5,H1
W,L3,L3,L1,L5
L4,L5,H3,W,L1
L2,L4,L4,L2,L2
H4,W,W,H4,W
L5,H4,L5,L3,H2
L3,L1,H4,W,L3
W,L2,L2,L4,L4
S,W,W,L5,H3
H1,L5,L3,H1,W
L1,L3,H1,W,L5
W,L4,L1,L1,H4
L4,H1,L4,L2,L1
L5,W,W,L3,W
L2,H2,L5,H2,L2
L3,H3,H2,W,L3
W,L1,H3,L4,L4
H2,L5,W,L5,L5
H3,W,L2,S,W
H4,L2,H4,H3,H1
W,H4,L3,H4,H2
L4,L3,L4,W,L1
L5,L4,L5,L1,W
L1,W,W,L2,L2
L2,S,L1,L3,L3
W,L5,W,W,L4
L3,W,L2,L4,L5
L4,L1,L3,L5,W
W,L2,L4,W,H3
L5,L3,L5,H1,H4
H1,L4,W,H2,W
H2,W,H1,H3,L1
H4,H1,S,H4,L2
L3,H4,L1,L5,L5
W,H3,H4,W,L4
L2,L5,H3,L4,L3
L1,H2,H2,L3,W
H3,W,W,L2,H4
W,L4,L5,L1,H3
L5,L3,L4,W,W
L4,L2,L3,L5,H2
L3,W,L2,L4,L5
W,L1,W,L3,L4
L2,L5,L1,W,L3
L1,W,W,L2,L2
L5,L4,L5,L1,W
L4,H4,L4,W,L1
W,L3,H4,H4,H1
H4,L2,L3,H3,W
H3,W,L2,L5,L5
H2,H3,W,L4,L4
W,L5,H3,W,L3
L3,L1,H2,L3,L2
L2,H2,L5,H2,W
L5,W,W,L2,H4
L1,L4,L1,L1,L1
W,H1,L4,W,H3
L4,L3,H1,H1,L5
H1,W,L3,L5,W
L3,L5,W,L4,L4
W,L2,L2,W,H2
H4,L1,H4,L3,L3
L5,H4,L5,H4,W
L2,W,W,L2,L2
L4,L4,L4,W,H1
W,H3,L1,L5,L5
L1,L3,H3,L1,L1
H3,L5,L3,H3,W
W,W,W,L4,L4
L3,L2,L2,W,H4
L5,H2,L5,L3,L3
H2,W,H2,H2,W
L4,L1,W,L2,H3
L2,L4,L4,L5,L2
W,L5,L3,W,L5
L1,L3,L1,L4,W
H4,W,W,L1,L4
H1,H4,H4,H4,L1
W,H1,H1,W,H2
L5,L2,L5,H1,L3
L3,S,L2,L3,W
L4,W,W,L5,L5
W,L4,L4,H3,H4
L2,H3,H3,W,L2
H3,L1,L3,L2,W
L5,L5,W,L4,L4
L1,W,L5,L1,H1
W,L3,L1,W,L1
L3,H2,L2,L3,H3
H2,L2,H2,L5,W
S,W,W,H2,L3
L4,L4,L4,H4,L5
W,H4,H4,W,L2
H4,L5,L3,L2,W
L2,L1,W,L4,L4
L5,W,L5,W,H2
W,L3,S,L5,H4
L3,H3,L1,L3,L5
L1,H1,H3,L1,W
H3,W,L4,H3,L3
L4,L4,W,H1,L1
W,L2,L2,W,L4
H1,L5,H1,L4,W
L5,L3,L5,L2,L2
L2,W,W,H4,H3
W,L1,L3,W,L5
H4,H4,H4,L5,H1
L3,L4,L4,L3,W
L4,W,W,H2,L3
H2,L5,H2,L1,L1
L1,H2,L1,W,H4
W,L2,L2,L4,L4
L5,W,L5,L2,W
L2,L3,W,L5,L2
W,H3,L3,W,L5
H3,L1,H3,H3,H2
L3,L4,L4,L3,W
L4,L5,W,W,L3
W,W,L5,S,L4
L5,L2,L2,L4,L1
L1,H4,L1,L1,W
H4,H1,H4,H4,H3
H1,W,W,H1,L5
L2,L3,H1,L5,L2
W,L5,L3,W,W
L4,L4,L4,L2,H4
L3,W,W,L3,L3
H2,L1,H2,H2,L4
W,H2,L5,W,H1
L5,L2,L2,L4,W
L1,W,L1,L5,L5
H3,H3,W,L1,L1
W,L3,H3,H3,L2
L2,L5,L3,W,H2
L4,L4,L4,L2,W
L3,W,W,L3,L3
H4,S,H4,H4,H3
L5,H4,L5,W,L4
W,L1,L2,L4,W
L1,L2,W,L5,L5
H1,W,L1,L1,H4
W,L3,L3,W,L1
L4,L5,L4,H1,W
L2,L4,H1,L2,L2
L5,H1,L5,L3,L3
L3,W,W,L4,L4
W,H2,H2,W,L5
H2,H3,H3,L5,W
H3,L1,W,H2,H1
H4,W,H4,H3,H2
W,L5,L2,H4,H3
L4,H4,L3,W,W
L5,L2,L4,L1,L1
L1,L3,L5,L2,L2
L2,L4,W,L3,L3
L3,W,L1,L4,L4
W,L5,W,W,L5
L4,W,L2,L5,W
W,L1,L3,W,H4
L5,L2,L4,H1,W
H4,L3,S,H2,L1
L3,L4,L5,L5,L5
L2,W,W,L4,L4
L1,H4,L1,L3,L3
W,H3,H4,W,L2
H3,H2,H3,L2,W
H2,H1,H2,L1,H4
H1,L5,H1,H4,H3
W,W,W,H3,H2
L5,L4,L5,W,W
L4,L3,L4,L5,L5
L3,L2,L3,L4,L4
S,W,L2,L3,L3
W,L1,W,W,H1
L2,L5,L1,L2,W
L1,W,L5,L1,L2
L5,L4,W,H4,L1
W,H4,L4,W,L5
L4,L3,H4,L5,W
H4,H3,L3,L4,L4
H3,W,L2,H3,L3
L3,L2,W,L3,H4
W,L1,H3,W,W
L2,L5,H2,L2,L2
H2,H2,L1,H2,L1
L5,W,L5,L1,H3
L1,L4,W,W,L5
W,H1,L4,L5,W
L4,L3,H1,H1,L4
H1,W,L3,L4,H2
L3,L2,W,L3,L3
W,L5,L2,W,W
H4,H4,H4,H4,H1
L5,S,L5,L2,S
L2,L1,W,L5,L2
L4,W,L4,W,L5
W,L4,L1,L1,L1
L1,H3,H3,L4,W
H3,L3,L3,H3,H4
L3,W,W,W,L4
W,L5,L2,L3,L3
L5,L2,L5,H2,W
H2,H2,H2,L2,H3
L2,W,W,L5,L2
L4,L4,L4,W,L5
W,L1,L1,L4,W
L1,H4,L3,L1,L4
H4,L3,H4,H4,L1
H1,W,W,W,H2
W,L5,L5,L3,L3
L5,H1,H1,H1,W
L3,L2,L2,L5,H4
L4,W,W,L2,L5
W,L4,L4,W,L2
L2,H3,H3,H3,H1
H3,L1,L3,L4,W
L1,L5,W,L1,L4
L5,W,L1,W,H3
W,L3,L5,S,L1
L3,H2,H2,L3,W
H2,L2,L2,L5,L3
L4,W,W,H2,L5
W,L4,L4,H4,L2
H4,H4,H4,W,L4
L2,L5,L3,L2,W
L5,L3,S,L4,H2
W,W,W,W,H4
L3,L1,L5,L5,L5
L1,H3,L1,L3,W
H3,L4,H3,L1,L3
L4,W,L4,H3,L1
W,L2,W,H1,L4
H1,H1,L2,W,W
L2,L5,H1,L4,L2
L5,W,L5,L2,H3
W,L3,W,L5,H1
H4,H4,L3,W,L5
L3,L1,H4,H4,W
L4,L4,L4,L3,L3
L1,W,L1,L1,L1
W,H2,W,H2,H4
H2,L5,H2,W,L4
L5,L2,L2,L4,W
L2,W,L5,L2,L2
W,L3,W,L5,L5
H3,H3,L3,W,H2
L3,L4,H3,H3,W
L4,L1,L4,L3,L3
W,W,W,L4,H3
L1,S,L1,W,L4
L5,L5,L5,L1,W
H4,H4,L2,H4,L1
L2,L2,H4,L5,L5
W,W,W,L2,L2
S,H1,L3,W,H4
H1,L3,H1,H1,W
L3,L4,L4,L3,L3
L4,L5,W,L4,H1
H2,W,L5,W,L4
W,H2,H2,H2,W
L5,L1,L1,L5,L5
L1,L2,L2,L1,L1
H3,W,W,H3,H2
W,H3,H3,W,L2
L2,L3,L3,L2,W
L3,L4,L4,L3,L3
L4,L5,H4,H4,H3
H4,W,W,L4,L4
W,H4,L5,W,W
L5,L1,L2,L5,L5
L1,L2,W,L1,H4
W,W,L1,W,L1
L2,L3,L3,L2,W
L4,L5,L4,L3,L2
L3,L4,L5,H1,L3
L5,H1,W,L4,L4
H1,W,H1,W,L5
W,H2,H2,L5,W
H2,H3,H3,H2,H1
H3,H4,H4,H3,H2
H4,W,W,H4,H3
W,L1,L2,W,W
L1,L2,L3,L1,H4
L4,L5,L4,L2,L1
L5,L3,L5,L3,L2
L2,L4,L1,L4,L3
L3,W,W,W,L4
W,L5,W,L5,L5
W,W,L2,W,W
L4,L4,S,L5,W
L5,L3,L5,L4,L5
L3,L2,L4,L3,L4
L2,L1,L3,L2,L3
L1,W,L1,L1,L2
W,H4,W,W,L1
H4,H3,H4,H4,W
H3,H2,H3,H3,H4
H2,H1,H2,H2,H3
H1,W,H1,H1,H2
W,L5,W,W,W
L5,L4,L5,L5,H1
L4,L3,L4,L4,L5
L3,L2,L3,L3,L4
W,W,L2,W,L3
L2,L1,W,L2,W
L1,S,L1,L1,L2
L5,L5,L5,H4,L1
W,W,W,W,L5
L4,H4,L4,L5,W
H4,L4,H4,L4,L4
H3,L3,L3,L3,H4
L3,H3,H3,H3,L3
W,W,W,W,L2
L2,L2,L2,L2,W
H2,L1,H2,H2,H3
L1,L5,L1,L1,L1
L5,H2,L5,W,L5
W,W,W,L5,W
L4,L4,L4,S,H2
H1,H1,H1,L4,L4
L3,L3,L3,H1,L3
W,W,W,L3,H1
L2,L2,L2,W,W
H4,L5,H4,L2,L2
L5,H4,L5,H4,L5
W,L1,W,L5,H4
L1,W,L1,W,W
L4,L4,L4,L1,L1
H3,H3,H3,L4,L4
L3,L3,L3,H3,H3
W,W,W,L3,L3
L5,L5,L2,W,W
L2,L2,L5,H2,L5
H2,H2,H2,L5,L2
W,W,W,L2,H2
L4,L4,L4,W,W
S,L1,L1,L4,L4
L1,H4,H4,L1,L1
H4,L3,L3,H4,L3
L3,W,W,L3,H4
W,L5,L5,W,W
L5,H1,H1,L5,L5
H1,L2,L2,H1,H1
L2,W,W,L2,L2
W,L4,L4,W,W
L4,H3,H3,L4,L4
H3,L1,L1,H3,H3
L1,L3,L3,L1,L1
W,W,W,W,L3
L5,L5,L5,L3,W
L3,H2,H2,L5,L5
H2,L2,L2,H2,H2
L4,W,W,H4,L2
W,L4,S,W,W
L2,H4,L4,L4,L4
H4,L5,H4,L2,H4
L5,W,L5,L5,L5
W,L3,W,W,W
L3,L1,L3,L3,L3
L1,H3,L1,L1,L1
H3,L4,H3,H3,H3
L4,S,L4,L4,L4
W,W,W,W,W
L2,L2,L2,L2,L2
H1,H1,H1,H1,H1
L5,L5,L5,L5,L5
W,W,W,W,W
L3,L3,L3,L3,L3
H4,H4,H4,H4,H4
L1,L1,L1,L1,L1
L4,L4,L4,L4,L4
W,W,W,W,W
H2,H2,H2,H2,H2
L5,L5,L2,L2,L2
L2,L2,L5,L5,L5
W,W,W,W,W
L3,L3,L3,L3,L3
H3,H3,H3,H3,H3
L4,L4,L4,L4,L4
L1,L1,W,W,L1
W,W,L1,L1,W
L5,L5,L5,L5,L5
H4,H4,H4,H4,H4
L2,L2,L2,L2,L2
W,W,W,W,W
H1,L3,L3,H1,L3
L3,H1,H1,L3,H1
L4,L4,L4,L4,L4
W,W,W,W,W
L5,L5,L5,L5,L5
H2,H2,H2,H2,H2
L1,L1,L1,L1,L1
L2,L2,L2,L2,L2
W,W,W,W,W
H3,H3,H3,H3,H3
L3,L3,L3,L3,L3
L4,L4,L4,L4,L4
H4,H4,H4,H4,H4
W,W,W,W,W
L5,L5,L5,L5,L5
L1,L1,L1,L1,L1
W,W,W,W,W
L2,L2,L2,L2,L2
L3,L3,L3,L3,L3
L4,L4,L4,L4,L4
L5,L5,L5,L5,L5
W,W,W,W,W
H1,H1,H1,H1,H1
H2,H2,H2,H2,H2
H3,H3,H3,H3,H3
H4,H4,H4,H4,H4
W,W,W,W,W
L1,L1,L1,L1,L1
L2,L2,L2,L2,L2
L3,L3,L3,L3,L3
L4,L4,L4,L4,L4
L5,L5,L5,L5,L5
W,W,W,W,W
