position,reel1,reel2,reel3,reel4,reel5
1,S,S,S,S,S
2,L1,L2,L4,L5,M2
3,L5,H3,L5,H3,L1
4,M4,L5,M3,L2,L3
5,L4,L1,H1,M1,L4
6,M1,L3,L1,L1,L2
7,L2,H2,L3,L4,M1
8,L3,W,H3,L3,L5
9,L1,L4,L5,H1,L3
10,H1,L2,L2,H2,M4
11,L4,M3,L4,M4,L1
12,L5,L3,H1,L1,L2
13,L3,M4,L1,L3,L5
14,H2,M2,M3,L5,W
15,M3,L4,W,L2,H2
16,L4,H3,L4,L4,L4
17,L1,L1,M2,M3,L3
18,L2,L2,H1,W,M2
19,L3,L5,M1,M2,L2
20,M4,H1,M4,L1,L5
21,M2,L3,L5,L5,L1
22,L5,M4,L2,L4,L4
23,L1,W,L3,L3,H1
24,L2,L4,L1,W,L3
25,L4,L1,L4,M3,M3
26,L3,M1,H1,L5,L5
27,M1,L2,H2,M4,M4
28,L5,L3,L5,L2,L1
29,M3,L4,M2,L1,M1
30,L4,L5,M3,L4,L4
31,L1,M3,L2,M2,M3
32,L2,L2,M1,L3,L5
33,L5,L3,L4,L5,L2
34,L3,L1,H1,L2,M2
35,M2,L4,L3,M1,L1
36,M3,M4,W,L1,L4
37,L4,M2,L1,W,W
38,L1,L2,L5,L4,L3
39,L2,L5,H1,L2,M4
40,L5,L1,H2,L5,M3
41,H1,L4,M4,M3,L5
42,L4,H1,L4,M4,L4
43,L3,M1,L1,L3,H3
44,L1,L5,L5,L1,M4
45,H2,H2,M3,L4,M2
46,H3,L2,H3,H1,L3
47,L2,M4,M2,H3,M3
48,S,M3,H1,L5,L2
49,L5,L1,L2,L2,L5
50,L1,H1,L3,L4,S
51,M4,L3,M4,M1,L1
52,L3,M2,L1,L3,L4
53,L4,L4,L5,H1,H2
54,M1,L2,W,M3,M3
55,L2,W,L4,M2,M1
56,M2,H3,L3,L2,M4
57,L3,L1,L1,L5,L3
58,L5,M4,L5,L1,L2
59,L1,L5,M3,L4,L5
60,M3,L2,M4,L3,W
61,L2,L3,L2,M2,L1
62,L4,L4,M1,M3,L4
63,H1,L1,L1,L2,L3
64,L1,L5,L4,L5,L5
65,L5,H2,L5,L3,M2
66,L2,M1,H1,M4,H1
67,L4,L2,M2,L4,L1
68,L3,L3,L1,L2,L2
69,M3,L5,M4,L1,M1
70,M4,M2,H2,L3,L4
71,L1,L1,L4,L5,H3
72,L4,L4,H1,L4,L5
73,L5,L3,M1,H2,L3
74,L2,M4,L3,W,L2
75,L3,L2,L5,L1,M3
76,L1,M3,L2,L5,H2
77,M4,L4,L1,M4,L4
78,L4,L1,H3,L3,M4
79,L2,W,S,L2,L1
80,L5,L5,L4,L4,L3
81,H1,S,M3,S,L2
82,L3,L2,H1,M3,L5
83,H2,M4,W,H3,M1
84,L1,L3,L3,L5,W
85,L4,L4,L1,L1,L4
86,M3,M3,L2,L2,L3
87,M4,L1,H3,L3,H3
88,L3,M2,L4,M4,L5
89,L5,H1,M4,L5,L1
90,L4,L4,L5,M2,M3
91,L2,L3,M3,L1,L2
92,M1,L5,W,L4,M4
93,L1,L2,L2,M3,L4
94,H3,M2,H1,M1,M2
95,S,H2,L1,M4,L3
96,L3,L4,L4,H1,L5
97,L5,L1,L3,L3,L1
98,L2,L5,M2,L1,L2
99,L1,M1,L5,L5,L4
100,M2,L2,H1,L2,S
101,H2,L3,M1,L4,L3
102,L4,L1,L4,W,H1
103,L2,L4,L3,L1,L1
104,L1,W,M4,L5,L2
105,L5,M3,M3,M3,L5
106,M3,M4,L5,H3,W
107,M4,L5,L1,L4,H3
108,L4,L1,L3,L2,L1
109,L2,W,L2,L3,M1
110,L3,L2,H1,L1,L4
111,M3,L4,L4,L5,L3
112,L5,M3,M4,L4,L5
113,M4,L3,H2,M1,L2
114,L1,M1,L5,L2,L1
115,L4,L5,M2,M2,M1
116,M1,L2,L1,L3,L3
117,L2,W,W,L1,M4
118,L3,L3,M1,L4,L4
119,L1,L1,L5,H2,L5
120,L5,L5,L4,H3,M3
121,M2,L4,M3,L3,L3
122,L4,H1,H1,L5,L2
123,L2,L3,L2,M4,L1
124,L3,M2,L5,L2,H2
125,M4,L5,L3,L1,H1
126,H1,L2,L1,W,W
127,L5,H2,H1,L4,L4
128,L1,L1,L4,L3,M1
129,L4,L4,L5,L2,L1
130,H3,H3,L3,M1,M2
131,L2,L3,L1,H2,L3
132,M3,L2,M4,L5,L5
133,L3,M4,H1,L3,L2
134,L1,L5,L2,L1,L1
135,L5,L1,L4,M2,L4
136,L4,L4,L5,L2,W
137,H2,M1,M1,L5,H2
138,M4,W,W,L4,L3
139,L2,M3,H2,L1,L5
140,L1,L3,L1,M3,M3
141,L3,L2,L4,L2,L2
142,S,M2,M2,H1,L1
143,M2,L1,M3,L4,M4
144,H3,M1,L5,M4,L4
145,L5,H1,L1,L3,L5
146,L4,L2,H1,W,L2
147,M3,L5,H3,L1,L3
148,L1,L4,L2,L4,M3
149,L2,H3,L4,L5,S
150,L5,M4,L1,L2,L1
151,L3,L2,L5,L3,L5
152,L4,L1,M2,M2,L4
153,M1,L3,W,L1,M1
154,L2,L4,M4,M1,L3
155,M4,M3,L1,M4,L1
156,L1,L2,L4,L2,L2
157,L5,L1,S,W,M2
158,M2,L5,M3,L3,H3
159,L4,L4,L3,L4,L4
160,L3,W,H1,L5,M4
161,H3,S,M1,S,M3
162,L2,H3,L2,H3,H1
163,M3,L1,L5,M3,L1
164,L1,L3,M4,L1,L3
165,L3,L4,H3,L3,L2
166,L5,L2,M3,L4,H3
167,L4,L5,H1,L2,W
168,L2,M4,L4,W,L1
169,L1,L1,L3,L5,L3
170,M3,M1,L1,M3,L5
171,L3,H2,L5,L1,L4
172,M1,L3,L2,H1,L2
173,L5,M3,L4,L3,M4
174,L1,L5,M2,M1,L1
175,H2,L1,L1,M4,M2
176,L4,L2,H1,L2,L5
177,L2,L4,H2,L1,L2
178,M4,M2,L5,L4,L4
179,L1,L5,M1,L5,L3
180,M2,L3,L1,H2,M3
181,L3,M4,L2,L2,W
182,L4,W,W,L3,L2
183,M1,L2,L4,L4,H2
184,L2,L4,M3,M2,M4
185,H3,L1,L3,L5,L5
186,L1,H1,M4,L1,W
187,L5,L3,H1,M3,H1
188,M3,L5,W,L4,L3
189,L3,L2,M1,L2,L2
190,S,H2,L4,W,L4
191,M4,M3,L5,M4,M3
192,L4,L4,L1,L5,L5
193,L1,L1,H1,L3,L1
194,M1,L3,M1,L4,L3
195,L3,H3,L4,H3,L2
196,L2,M4,M2,L1,L4
197,L5,L2,L5,H2,L5
198,L4,L5,L1,L3,L1
199,M1,L4,L2,L2,S
200,M2,L1,L3,H1,M1
201,M4,L3,L4,L5,M2
202,L3,M3,H2,M4,L4
203,L1,M1,L1,M3,M4
204,H1,H1,H1,M1,L2
205,L4,M2,L2,L1,L3
206,H2,L5,L5,L2,L5
207,L3,L1,L4,L3,L4
208,L2,W,H3,W,H2
209,L5,L2,L1,M2,M3
210,L1,H3,H1,H1,L3
211,L4,L3,L3,L5,L1
212,L3,M4,M4,L2,M2
213,L2,L5,L4,M4,L5
214,L5,L4,M3,L4,L4
215,L1,M3,H1,W,M4
216,M1,L1,M2,L5,L1
217,M4,L2,L1,L1,L3
218,L4,L3,L5,M3,L5
219,L3,M2,M3,L3,L2
220,L1,M1,L2,L4,M1
221,H3,L4,L4,L2,H1
222,L2,M3,M4,M2,M4
223,L5,L5,M1,L1,L1
224,L3,L3,L3,L3,W
225,M1,L1,L5,M1,L4
226,L4,L2,L1,L5,L3
227,L2,L4,W,L4,L2
228,L5,L5,L4,L2,H3
229,L1,M4,H1,L1,L5
230,M3,W,L3,L3,L4
231,H3,L1,M4,L5,M3
232,L2,L4,L1,L4,L1
233,L3,L3,L4,M3,L3
234,L5,L2,H2,L1,L5
235,M2,L5,L5,H2,M4
236,H1,H2,S,L3,M2
237,S,L1,M3,L4,L2
238,M4,L4,M1,L2,L4
239,L4,H3,L2,L5,L1
240,L1,S,H1,S,M1
241,M2,H1,L1,H3,L3
242,L5,L5,L4,L1,M3
243,L3,L3,L5,W,L5
244,L2,L2,W,M4,L2
245,M3,W,M2,L2,M4
246,L1,M3,H3,M1,H2
247,H3,L5,H1,L4,L1
248,M2,M1,L5,L3,S
249,L3,L4,L3,L5,L4
250,L5,L2,L2,M3,W
251,M4,M4,L1,M2,L2
252,L4,L3,L4,L4,L3
253,L1,L1,M3,M4,L5
254,H3,L5,H1,L2,L1
255,L5,L2,L5,M3,L4
256,L3,L4,L1,H3,L2
257,M3,H2,L3,L4,L3
258,L2,L3,M1,L5,L5
259,H1,M1,L4,L1,H1
260,L5,L2,L2,M1,L1
261,H3,L5,M4,L3,L4
262,M1,L4,L5,L4,L3
263,L1,L1,L1,L2,M4
264,L2,L3,H2,M2,H3
265,L4,L2,M2,L1,M2
266,L5,M3,L4,M4,L2
267,L3,M4,H1,L3,L3
268,H2,L5,L3,L5,M1
269,L2,L3,L2,L2,L5
270,L1,L2,L5,L1,L1
271,M2,M2,W,H2,L4
272,L3,L1,M3,W,L3
273,L4,L4,H1,L3,W
274,L2,L3,H3,L5,H2
275,L5,M4,L1,L1,L2
276,M3,L2,L4,L4,L1
277,L1,L5,W,L2,L5
278,L3,H1,L5,L3,L3
279,M4,L1,M4,H1,L4
280,L4,L4,M2,M2,H1
281,L5,M1,M3,M1,M4
282,L2,M2,L1,M4,M1
283,H1,M3,L3,L5,L2
284,S,L3,L5,L1,M3
285,L3,L1,L4,L3,L5
286,L1,L5,H1,H2,L1
287,L4,L4,L1,M3,M2
288,L2,W,M4,L5,L4
289,H2,H2,L2,W,L3
290,L5,L3,M1,L2,L2
291,M3,L1,L4,L1,W
292,L1,L2,L5,L4,M4
293,L4,L4,L1,H1,L1
294,L2,L5,L3,H3,L5
295,M2,M3,H1,H2,L4
296,L3,M4,L2,L5,M3
297,L1,L1,L5,M3,H3
298,L5,L3,W,L4,S
299,L4,L2,L4,L3,L2
300,L2,L4,M3,L1,L5
301,M3,L5,L1,L2,M4
302,M4,H1,L5,M1,L1
303,M1,M2,M4,L5,L4
304,L5,L3,H1,L3,L3
305,L3,M1,H3,L1,M2
306,L2,L1,H2,M4,L2
307,L1,H3,L4,L4,L5
308,L4,L5,M3,L2,H2
309,L5,M4,M2,L5,L1
310,L3,L2,L2,M2,M1
311,L2,L4,L1,L3,L4
312,L1,L1,L5,L4,L5
313,L4,L5,M4,M3,M3
314,M4,W,S,L2,L3
315,H2,L2,L4,L5,H1
316,L3,M3,L2,L3,L1
317,L5,L3,L1,L1,L2
318,L2,M1,L3,M4,W
319,L1,L1,H1,H1,M4
320,M2,S,L5,S,L3
321,M3,L2,W,L2,H3
322,L4,L4,H3,L4,L4
323,M4,L3,L3,L5,M3
324,L1,M4,H1,M1,M1
325,H3,H2,L4,L3,L5
326,L5,L5,H2,L1,L1
327,L3,L4,L5,L2,L2
328,L4,L1,L1,L4,L4
329,L2,W,M1,L5,M2
330,H1,L3,M3,M2,M4
331,S,L5,M2,H3,W
332,L1,M3,H1,M3,L1
333,L5,H3,L4,L1,L5
334,L3,L4,L2,L4,L2
335,M3,L1,L3,L2,L3
336,M1,M4,L5,L3,H2
337,L4,M2,L1,W,L4
338,L1,L2,L4,M4,W
339,L2,L3,M4,L5,L1
340,M2,L4,H1,L1,L5
341,L5,L5,M1,L2,L2
342,L3,M3,M2,L4,L3
343,M4,L2,L5,L3,L4
344,L2,L1,L3,M1,M3
345,L1,L3,L4,M2,L5
346,L4,H1,M4,L1,M2
347,M3,L5,L2,L5,S
348,L3,W,L5,L3,L3
349,L5,M1,H1,M3,L2
350,L2,L1,L1,L4,L1
351,M4,L2,M3,L2,M1
352,L1,M3,M4,M4,H3
353,H3,M2,W,L1,M3
354,L4,L3,L4,H2,L3
355,L3,L4,L3,L5,L2
356,H2,L5,H1,W,L5
357,L5,L2,L1,L4,L4
358,M1,M4,L5,L2,H1
359,L2,H3,H2,M3,L1
360,L4,L1,L4,H1,L2
361,M3,L4,L2,L5,L5
362,H1,L3,M2,L1,L4
363,L1,L5,L1,L3,W
364,M2,L2,M3,H3,L1
365,L5,M1,L5,M4,L3
366,M1,M2,H1,M2,L2
367,L4,L1,H3,L2,M2
368,L3,L4,M1,H2,L5
369,H1,H2,L1,L3,H2
370,L1,L3,L2,M1,L3
371,M4,L5,L4,L1,L4
372,L5,L1,L3,L4,L1
373,L2,L2,L5,H3,L2
374,L4,M4,M3,L2,L5
375,L3,M3,L1,L5,M1
376,H1,L5,W,L3,L4
377,M3,L4,L2,M3,L3
378,S,L3,H1,W,L2
379,L1,W,L5,L4,M3
380,L4,L2,L4,L1,L1
381,L5,L1,L1,L2,W
382,L3,M1,M4,L3,M4
383,M2,M3,L2,M4,M1
384,M4,M4,L3,L4,L3
385,L4,L3,H1,L5,L5
386,L2,L5,M2,L2,M3
387,L1,L4,L1,M1,L4
388,L5,M2,L5,L1,L2
389,L3,H2,H3,H3,L1
390,H2,L3,L4,L5,H1
391,L2,L5,M3,M3,M2
392,M2,L2,S,L3,L3
393,L5,M3,W,M2,L2
394,L1,L1,M1,L4,H3
395,L3,L3,H2,H3,L5
396,L4,L4,L5,W,M1
397,L2,H1,L4,L1,S
398,L5,L2,H1,L2,L4
399,M4,L1,L1,L5,M4
400,L1,S,M2,S,H2
401,M3,M4,L3,L3,L5
402,L3,W,L4,M4,L2
403,L5,L3,M4,L4,L1
404,M1,L5,M3,L1,L3
405,L4,L2,L5,L2,M3
406,L1,M1,H1,H1,L4
407,M2,L4,L3,L3,L2
408,H2,M4,M1,M4,L1
409,L3,H2,M3,L5,L5
410,L5,L3,L4,M1,M1
411,L2,L2,L2,L4,L3
412,L4,L1,L5,L1,M2
413,H3,M3,L1,L3,L2
414,L1,H2,W,W,L1
415,M3,L4,L4,L2,L4
416,L2,L3,M1,M3,M4
417,L5,M2,L2,L5,L5
418,L3,L5,L1,H2,W
419,L4,L2,M4,L4,L3
420,M4,L1,H1,L3,L1
421,M1,L4,L5,L1,H1
422,L2,W,H3,M2,M3
423,L1,L3,L1,M3,L2
424,L4,H3,L3,L4,L4
425,S,M4,L4,L2,H2
426,L5,L4,L5,L5,H3
427,H1,L2,H2,L1,L5
428,L2,L5,W,M1,L3
429,M3,L1,M2,L4,L4
430,L3,M1,L1,L3,L2
431,H3,H2,H1,L2,M4
432,H2,L3,L2,L5,L1
433,L5,M2,M4,W,M2
434,L4,L1,L4,L1,L4
435,L3,L4,M3,H1,L2
436,L1,L2,L5,M4,L5
437,L2,L5,L1,L3,L1
438,M4,M3,M1,W,M1
439,L5,M4,L3,H3,M4
440,L3,L3,H1,L5,M3
441,M3,L4,M4,M2,L3
442,L1,H1,L2,L4,L4
443,L4,W,L5,L2,L2
444,M2,L5,L1,L1,W
445,L3,L2,L3,M3,L5
446,M1,L1,L4,L3,S
447,M3,H3,W,L5,M2
448,L5,L3,H1,M4,L4
449,L2,L4,L2,L2,L2
450,L3,L5,M2,L1,L1
451,L1,L2,L5,M1,L3
452,L4,M1,H3,L3,L5
453,M4,M2,H1,L4,H1
454,M3,L1,W,L2,H3
455,H2,L5,L4,L1,L4
456,L3,L4,M3,M4,L1
457,L5,W,L2,H1,M3
458,L2,M3,L1,L5,M1
459,L4,H1,M4,L4,L5
460,M4,L3,L3,L2,L3
461,H3,L1,H2,M2,L1
462,M1,L5,L2,M3,H2
463,L2,H2,L4,L3,M4
464,L1,M4,H1,H2,L2
465,L5,M3,L5,W,L4
466,M2,L3,W,L5,W
467,L4,L5,L1,L4,L3
468,L2,L2,M1,L3,L5
469,H1,L4,L4,L2,L2
470,L1,M3,L5,H3,L1
471,M3,L1,S,L5,M3
472,L3,L5,M2,L1,L4
473,S,M4,M3,L4,L3
474,L5,M1,H1,L2,L5
475,H2,L3,L3,M1,M2
476,L2,L1,L1,L3,H3
477,M4,L2,M4,L1,M1
478,L1,L4,M2,M4,L4
479,L3,S,L4,S,M4
480,L5,M2,M1,M3,L1
481,L4,W,L2,L4,M2
482,M1,L3,L5,L5,H1
483,L2,L1,L1,L3,L3
484,M3,L5,H1,H2,L2
485,L1,L4,M3,M4,L5
486,M4,H3,L3,M2,W
487,L3,M4,H2,L4,L1
488,M2,M1,L4,L1,L3
489,L2,L1,H1,L2,L2
490,L4,L5,L1,L5,L4
491,M4,M3,L5,M1,M4
492,H3,L2,H3,M3,M3
493,L1,M2,M4,L4,L5
494,L3,L4,L2,L3,L2
495,L5,L1,L4,L1,L4
496,M4,L3,M2,W,S
497,M1,L2,H1,H1,L3
498,L1,L5,L3,M4,W
499,L2,M1,W,L5,L5
500,L4,L4,L5,L2,L1
501,L3,L3,H2,L3,H2
502,M3,M2,L4,L4,L3
503,L5,L1,M3,M4,L2
504,L2,H1,L1,M2,L4
505,L4,L4,H1,L5,L5
506,H1,L2,L3,L1,L1
507,M4,H3,L4,M3,M3
508,L1,L5,M1,L3,L3
509,L2,W,L1,L2,L2
510,H2,M3,M4,L4,M4
511,M1,L3,L2,M4,L4
512,L5,H2,L5,L1,M3
513,M3,L5,H1,M1,L3
514,M2,L4,M2,W,L5
515,L3,L2,M3,H2,H3
516,L1,L1,M1,L3,L1
517,L2,L3,L5,M2,L2
518,L4,M4,L4,L5,L4
519,M2,L5,H3,L2,M2
520,S,L4,L3,L4,H1
521,L5,L2,L1,M3,L3
522,L1,W,H1,L3,L2
523,L2,L3,L5,L1,L5
524,H1,M2,M4,L5,M3
525,M1,L5,L2,L4,M4
526,L5,L1,L1,L2,M1
527,M3,L4,L4,H1,L4
528,L4,H1,M2,H2,L1
529,L2,W,L5,W,H2
530,L3,L5,M1,L4,L5
531,M4,L3,L1,M1,W
532,M1,L2,M3,L1,L3
533,L4,L1,W,H3,L4
534,L5,L4,H1,M4,L1
535,L3,M3,L3,L5,L2
536,L1,M1,L4,M2,M3
537,H2,M4,L2,L2,L3
538,L4,L2,L1,L3,H1
539,H1,L3,M3,L1,M4
540,L5,H2,H1,L4,L5
541,L3,W,L4,L5,L2
542,M4,L5,L5,M3,M1
543,L2,L1,M4,M1,M2
544,M2,L2,L1,L1,W
545,L1,L4,M2,H3,S
546,L4,H3,L4,L2,L4
547,L3,L3,L3,L3,L1
548,L5,M3,L5,L5,H3
549,M1,L5,S,L1,L5
550,M3,L2,M1,H2,M3
551,L4,M4,L4,L4,L3
552,L2,H1,H1,H1,L2
553,L3,L4,L1,M3,L4
554,H1,M1,W,L5,L1
555,L5,L5,H3,L2,L5
556,L4,L2,M4,L3,H2
557,L2,H1,H2,L1,L2
558,L1,L1,L1,L4,M1
559,H2,S,L3,S,L4
560,H3,L4,L4,W,M3
561,L4,M2,L5,L5,L1
562,L5,L3,H1,L3,L3
563,M2,L5,L1,L1,M2
564,L3,M4,L2,L4,M4
565,M1,L1,L4,M1,L2
566,L2,M3,L5,L2,H3
567,S,L2,M3,M2,L4
568,L1,M1,L1,L3,L1
569,L4,H3,H1,L5,M3
570,H3,L3,L2,M4,L5
571,M2,W,L5,M3,L3
572,L5,L5,H2,L2,L2
573,L3,L4,M4,H3,M4
574,M3,L1,L3,L3,L4
575,L1,M1,L4,L1,L1
576,L2,L3,L5,L4,W
577,H3,L5,W,L2,L2
578,M4,H3,L1,L5,M1
579,L3,L2,H1,L3,L5
580,L5,M2,M3,M1,L3
581,L4,L1,L4,L1,H1
582,M2,L4,L2,W,L1
583,L1,M4,M4,L2,M2
584,L2,L3,M1,L4,L4
585,L3,L5,L5,L5,M4
586,L5,W,H1,M2,L5
587,M3,L2,L1,H1,L1
588,M1,L1,L4,M4,L3
589,L2,M1,M4,L2,W
590,M4,M3,H3,L1,L2
591,L4,L3,L5,M2,L4
592,M2,L4,L3,L3,H3
593,L3,M2,L1,L5,L1
594,L5,L5,M3,M3,L3
595,H2,L1,M2,L4,S
596,L1,L2,L5,L1,L5
597,L2,L4,L4,L2,M3
598,M3,L3,L3,L3,H2
599,L3,M4,W,L5,L4
600,L5,H2,M2,W,L1
601,L4,L2,L5,M3,M1
602,H1,L5,L1,M2,H1
603,M4,L3,L2,L3,L3
604,L3,L1,H1,L4,L5
605,L2,L4,L4,L2,M4
606,L1,M3,M3,L1,L2
607,L4,L2,L5,M4,M2
608,M3,M1,L3,L5,L1
609,L5,L3,L2,M1,L4
610,M1,L5,L1,L2,L5
611,L3,L1,L4,L1,W
612,L4,L4,H1,M4,H3
613,L2,M2,M1,L3,L3
614,,L3,H3,L5,L2
615,,L2,L5,L2,L1
616,,M3,H2,L4,L4
617,,M4,L4,M4,L5
618,,L1,M4,L1,M2
619,,L4,H1,M3,M3
620,,L5,L1,L2,L3
621,,H3,L2,L3,H1
622,,M3,L3,L5,L1
623,,L3,L5,L4,L2
624,,L2,W,H2,L4
625,,M4,M4,L2,M4
626,,L1,L1,L1,M1
627,,L5,,H1,L5
628,,H1,,L3,L3
629,,L4,,M1,M3
630,,L3,,H2,L1
631,,L1,,L5,L2
632,,M2,,W,M4
633,,L5,,L4,L3
634,,L2,,L3,L4
635,,W,,L1,W
636,,L4,,L2,H2
637,,L1,,M3,L5
638,,M3,,L4,L2
639,,,,,L1
640,,,,,L3
641,,,,,L4
642,,,,,L5
643,,,,,L2
